SET SQL_MODE = "NO_AUTO_VALUE_ON_ZERO";
SET AUTOCOMMIT = 0;
START TRANSACTION;
SET time_zone = "+00:00";




--
-- إرجاع أو استيراد بيانات الجدول `auction`
--

INSERT INTO `auction` (`auction_id`, `start_date`, `end_date`, `starting_price`, `product_id`, `status`) VALUES
(37, '2025-04-30 23:23:00', '2025-05-06 23:23:00', '45000.00', 37, 'active'),
(40, '2025-05-01 03:13:00', '2025-05-01 03:19:00', '25000.00', 40, 'active'),
(42, '2025-05-02 08:50:00', '2025-05-03 08:51:00', '1200.00', 42, 'active'),
(43, '2025-05-15 08:58:00', '2025-05-07 08:58:00', '500000.00', 43, 'active'),
(44, '2025-05-01 10:23:00', '2025-05-02 10:23:00', '1200.00', 44, 'active'),
(45, '2025-05-02 01:42:00', '2025-05-03 01:43:00', '1200000.00', 45, 'active'),
(47, '2025-05-07 19:31:00', '2025-05-08 19:31:00', '2400.00', 47, 'active');

-- --------------------------------------------------------

--
-- بنية الجدول `bid`
--

--
-- إرجاع أو استيراد بيانات الجدول `bid`
--

INSERT INTO `bid` (`bid_id`, `bid_amount`, `bid_time`, `user_id`, `auction_id`) VALUES
(1, '45100.00', '2025-04-30 16:51:14', 38, 37),
(2, '45200.00', '2025-04-30 16:55:54', 38, 37),
(3, '45300.00', '2025-04-30 16:56:34', 2, 37),
(4, '45400.00', '2025-04-30 17:07:57', 38, 37),
(5, '25100.00', '2025-04-30 17:13:19', 38, 40),
(8, '46000.00', '2025-04-30 17:23:48', 2, 37),
(10, '47000.00', '2025-04-30 21:42:07', 38, 37),
(11, '50000.00', '2025-04-30 23:47:38', 2, 37),
(12, '12100.00', '2025-05-01 01:12:51', 38, 44),
(13, '500000.00', '2025-05-01 01:35:08', 2, 37),
(14, '600000.00', '2025-05-01 02:05:54', 2, 37),
(15, '700000.00', '2025-05-01 02:10:00', 2, 37),
(16, '13000.00', '2025-05-01 15:27:52', 38, 44),
(17, '1210000.00', '2025-05-01 18:45:49', 38, 45),
(18, '1210.00', '2025-05-02 08:35:58', 38, 42),
(20, '10000000.00', '2025-05-05 15:57:33', 56, 37),
(21, '2600.00', '2025-05-07 09:32:42', 2, 47);

-- --------------------------------------------------------

--
-- بنية الجدول `password_resets`
--


--
-- إرجاع أو استيراد بيانات الجدول `password_resets`
--

INSERT INTO `password_resets` (`id`, `email`, `token`, `created_at`, `expires_at`) VALUES
(2, 'waleedksa130@gmail.com', 'cbe4e3c82e399af6b71bd557e5dd065997ee817e8ebf3f93c83378b0811d3046', '2025-05-01 16:23:50', '2025-05-01 20:23:50'),
(5, 'waleed2000ksa@hotmail.com', '4f901842b1b9838b4a11e2be443ae60da5b5277d21f696e1e93bfc1a5dcb7e47', '2025-05-01 16:31:08', '2025-05-01 20:31:08');

-- --------------------------------------------------------

--
-- بنية الجدول `payment`
--


-- --------------------------------------------------------

--
-- بنية الجدول `product`
--


--
-- إرجاع أو استيراد بيانات الجدول `product`
--

INSERT INTO `product` (`product_id`, `name`, `description`, `category`, `seller_user_id`, `image`) VALUES
(28, 'ايفون', 'اا', 'إلكترونيات', 38, 'img_68125a4747939.jpg'),
(29, 'iPod ', 'iPod ', 'إلكترونيات', 38, 'img_6812785055dc1.jpeg'),
(30, 'ايفون19', 'جميل ومغري', 'إلكترونيات', 38, 'img_68127a5f14780.jpg'),
(31, 'بيت', 'بيت', 'عقار', 38, 'img_68127bbbd630f.jpg'),
(32, 'تندرا', '2023', 'سيارات', 38, 'img_68127ea1d18d6.jpg'),
(33, 'f150', 'استخدام شايب', 'سيارات', 38, 'img_68127f2e23b6e.jpg'),
(34, 'اكورد', 'لبل', 'سيارات', 38, 'img_68128013c07d6.jpg'),
(36, 'ريبيكون', 'ححح', 'سيارات', 38, 'img_6812817281384.jpg'),
(37, 'سبورتاج كيا 2020', 'سبورتاج كيا 2020', 'سيارات', 38, 'img_681286cf4027e.jpg'),
(38, 'ايفون', 'ايفون', 'إلكترونيات', 38, 'img_68128d783b161.jpg'),
(39, 'ايفون', 'ايفون', 'إلكترونيات', 38, 'img_6812a78cbf97e.jpg'),
(40, 'اكسنت', 'ا', 'سيارات', 38, 'img_6812bc0b0c8e0.jpg'),
(41, 'كيا', 'كيا بيجاس 2023 جديد', 'سيارات', 2, 'img_6812c29fcda21.jpeg'),
(42, 'ايفون', 'ايفون', 'إلكترونيات', 2, 'img_68130c04650f4.jpg'),
(43, 'فلة', 'فلة فخمة', 'عقار', 2, 'img_68130da951575.jpg'),
(44, 'ايفون 16 برو', 'ايفون 16 جديد', 'إلكترونيات', 2, 'img_681321b353394.jpg'),
(45, 'بيت فلة', 'فلة دبلوكس', 'عقار', 2, 'img_6813f91c8018e.jpg'),
(46, 'q', 'q', 'سيارات', 38, 'img_6818cff5897fc.PNG'),
(47, 'بي سي قيمنج ', 'بي سي قيمنج 2023', 'إلكترونيات', 2, 'img_681b8b03a38e6.jpeg');

-- --------------------------------------------------------

--
-- بنية الجدول `user`
--


--
-- إرجاع أو استيراد بيانات الجدول `user`
--

INSERT INTO `user` (`user_id`, `name`, `email`, `password`, `address`, `phone_number`, `profile_pic`, `otp`, `otp_sent_at`, `role`, `is_blocked`, `created_at`, `updated_at`) VALUES
(2, 'الوليد مدخلي', 'waleedksa130@gmail.com', '$2y$10$IYWA9NR1u61KwvTcjzxHa.TNC16Dohs/mKK.iWiB/.9.jDZMUUPM6', 'Riyadh', '0599636292', 'default.png', '489339', NULL, 'admin', 0, '2025-05-01 16:09:03', '2025-05-07 16:30:00'),
(16, 'مشاري الزهراني', 'meshrizh702@gmail.com', '$2y$10$9vFNzLoqq0H9WrBimTt1huFudk5RGIrda4C2TekIoilxE7lRMmoCC', 'Albaha', '--', 'default.png', '448022', NULL, 'admin', 0, '2025-05-01 16:09:03', '2025-05-06 10:00:07'),
(38, '\r\nحسن الحربي', 'h2002h1423@gmail.com', '$2y$10$aNpXo.Z06GSs7Xep3kTcKeKGJ7j5gX3KNL/GlyP0wPHwDOT7S38Em', 'khamis harb', '--', 'default.png', '669897', NULL, 'admin', 0, '2025-05-01 16:09:03', '2025-05-07 00:14:24'),
(47, 'محمد أبكر', 'mhatm892@gmail.com', '$2y$10$.dbS9B2EPtB.eNC9b2WdV.uRCqccXcxdPqcP8bOW6pn3D4D/yXeA6', 'farasan island', '0533066517', 'default.png', '676689', NULL, 'admin', 0, '2025-05-05 13:41:58', '2025-05-06 10:00:29'),
(48, 'زياد', 'ziyadbelal96@gmail.com', '$2y$10$scFSTdv5FHhI5IKAiyG8JurivANDTKLuY5zolqbThH06vFzYekJU6', 'Ø¬Ø§Ø²Ø§Ù†ØŒÙØ±Ø³Ø§Ù†', '0506043229', 'default.png', '445136', NULL, 'user', 0, '2025-05-05 16:24:51', '2025-05-06 01:27:37'),
(49, 'Fhhhuuf', 'vhjvhhhh@gmail.com', '$2y$10$wT8S5PjtXz34ELim56X4xu5lz8AVD9qSmQvpR8exbP1pXWh0pgc6S', 'Hdjdje', '0777072386', 'default.png', NULL, NULL, 'user', 0, '2025-05-05 16:40:01', '2025-05-05 16:40:01'),
(50, 'زياد', 'abualleel48@gmail.com', '$2y$10$CEZs7WaiOVG6BoeaioDoF.XZit8/.vfGMdeYMQEDeN8AATImDSNMW', 'ÙØ±Ø³Ø§Ù† ', '0506043229', 'default.png', '726399', NULL, 'user', 0, '2025-05-05 16:41:10', '2025-05-06 01:27:37'),
(51, 'علي العبسي', 'alisalemm2002@icloud.com', '$2y$10$ZFL0cvESabDU.jKvN3qe7OCiy6W/tvackgwvS4jOjIL/wviKrJhw.', 'ÙØ±Ø³Ø§Ù† ', '0504390713', 'default.png', '826082', NULL, 'user', 0, '2025-05-05 16:46:28', '2025-05-06 01:27:37'),
(52, 'خالد ', 'kld053616@gmail.com', '$2y$10$9mqp/.F7jO.wktiMoJet5uEF6jnEFQMbq/lVyROZDmY5xUJEM/kL.', 'Ø§Ù„Ù…Ø­Ø±Ù‚', '0536167098', 'default.png', '967891', NULL, 'user', 0, '2025-05-05 16:54:51', '2025-05-06 01:27:37'),
(53, 'لؤي العديني', 'loay.brky88@gmail.com', '$2y$10$pu2XWOybnVriktdkIUv58eENJKUYVxX5mFc46ll2IeJ/4H21jfcqa', 'ÙØ±Ø³Ø§Ù†', '0581712884', 'default.png', '446049', NULL, 'user', 0, '2025-05-05 16:56:55', '2025-05-06 01:27:37'),
(54, 'حسن', 'hhhhhhhhh@gmail.com', '$2y$10$6Ssqm46r7bABEzgZjSyXZO9Ab8vaXW9P4xoqDkRfFWZbDgXiB/mv6', 'qw', '212', 'default.png', NULL, NULL, 'user', 0, '2025-05-05 21:46:11', '2025-05-06 01:27:37'),
(55, 'علي', 'aly044771@gmail.com', '$2y$10$dFnk5xuY7cJsfFLQD20HreuDInP2NAgjIiSFYlKE9nuWjV8xWxHw2', 'Ø®Ù…ÙŠØ³ Ø­Ø±Ø¨', '561711732', 'default.png', '447897', NULL, 'user', 0, '2025-05-05 22:46:08', '2025-05-06 01:27:37'),
(56, 'ميسي', 'aa6694290@gmail.com', '$2y$10$CfbMXcMvF1R6UYQBLyyKL.S49qvqnPrEqXeEUBUBjpkeN0ObW3v46', 'Ø®Ù…ÙŠØ³ Ø­Ø±Ø¨', '0561711732', 'default.png', '118240', NULL, 'user', 0, '2025-05-05 22:54:49', '2025-05-06 01:27:37'),
(57, 'حسن', 'hhhh@gmail.com', '$2y$10$AHC5EiwK5x7.BwyJ7qujeu.zSAMtiLiUekhMQKlwmrgxdqABLqvWm', 'ds', '1233333333', 'default.png', NULL, NULL, 'user', 0, '2025-05-06 01:06:07', '2025-05-06 01:27:37'),
(58, 'Ø·Ù„Ø§Ù„ Ø§Ù„Ø­Ø±Ø¨ÙŠ', 'italal.1990@gmail.com', '$2y$10$WcOjopP3GpGpmxrh7HY3ku0YldFs3/2L4iJgW3/wR0Kydi6LiQMqm', 'Ø§Ù„Ø¯Ù…Ø§Ù… ', '0546746876', 'default.png', '123851', NULL, 'user', 0, '2025-05-06 08:08:08', '2025-05-06 08:08:18'),
(59, 'Ø­Ø³Ù†', 'hassan1423alharbi@gmail.com', '$2y$10$GJDROUl8uUDp3tV3.F3wueKH1QjA7tDXz2B4gjt8E4wvELImYR6/m', 'H', '0', 'default.png', '302563', NULL, 'user', 0, '2025-05-06 08:14:16', '2025-05-06 08:25:46'),
(60, 'Ø­Ø³Ù†', '202074c7ef@emaily.pro', '$2y$10$Wqhczjq6hQxlKCAv/SSGYOtKgnepnLGSnozpgGqhGn28DkuxqxW8O', 'Y', '7', 'default.png', '682508', NULL, 'user', 0, '2025-05-06 08:20:16', '2025-05-06 08:22:01'),
(61, 'Ø­Ø³Ù†', 'ha10sh10@gmail.com', '$2y$10$RN6GghijYHF/rtUxQwoecu2r2EfGMWWEdgtekZ.NNRjO3qulmmTUy', 'P', '050', 'default.png', NULL, NULL, 'user', 0, '2025-05-06 08:28:46', '2025-05-06 08:28:46'),
(62, 'Ø­Ø³Ù†', 'ha10sh10@hotmail.com', '$2y$10$OwXk5Elk8sCkeel3gR16XuTOAzJZ5ppEMYu47mSin9pkimZTlzzK6', 'P', '050', 'default.png', '720702', NULL, 'user', 0, '2025-05-06 08:29:06', '2025-05-06 08:29:23');

-- --------------------------------------------------------

--
-- بنية الجدول `visits`
--


--
-- إرجاع أو استيراد بيانات الجدول `visits`
--

INSERT INTO `visits` (`id`, `ip_address`, `visit_time`) VALUES
(62, '51.36.226.114', '2025-05-02 17:34:57'),
(61, '5.156.89.30', '2025-05-02 17:34:55'),
(60, '51.36.234.123', '2025-05-02 17:24:20'),
(59, '213.166.149.140', '2025-05-02 16:18:07'),
(58, '46.143.142.224', '2025-05-02 14:55:29'),
(57, '46.143.174.226', '2025-05-02 13:14:22'),
(56, '51.36.226.26', '2025-05-02 09:48:02'),
(55, '46.143.174.228', '2025-05-02 09:03:48'),
(54, '66.102.8.73', '2025-05-02 07:18:20'),
(53, '66.102.8.72', '2025-05-02 07:18:20'),
(52, '142.250.32.35', '2025-05-02 07:18:20'),
(51, '64.65.120.25', '2025-05-02 07:17:45'),
(50, '46.143.160.231', '2025-05-02 03:25:31'),
(49, '98.98.207.235', '2025-05-02 02:14:54'),
(48, '192.133.77.16', '2025-05-02 01:31:06'),
(47, '37.243.135.145', '2025-05-02 01:12:53'),
(46, '77.232.122.202', '2025-05-02 01:01:29'),
(45, '145.82.243.181', '2025-05-02 00:47:22'),
(44, '199.16.157.181', '2025-05-02 00:43:02'),
(43, '199.16.157.183', '2025-05-02 00:42:19'),
(42, '199.16.157.182', '2025-05-02 00:41:47'),
(41, '46.143.160.234', '2025-05-01 23:31:39'),
(40, '46.143.144.232', '2025-05-01 23:21:43'),
(39, '46.143.128.228', '2025-05-01 22:30:48'),
(38, '46.143.160.233', '2025-05-01 22:25:07'),
(37, '51.39.197.64', '2025-05-01 22:01:47'),
(63, '103.108.231.231', '2025-05-02 19:08:46'),
(64, '213.166.129.109', '2025-05-02 22:06:27'),
(65, '151.254.167.12', '2025-05-02 23:55:08'),
(66, '66.249.91.32', '2025-05-03 02:13:09'),
(67, '46.143.177.110', '2025-05-03 05:53:33'),
(68, '46.143.177.99', '2025-05-03 12:45:05'),
(69, '213.166.129.108', '2025-05-03 13:50:26'),
(70, '35.90.151.207', '2025-05-03 19:29:40'),
(71, '213.166.145.99', '2025-05-03 19:43:04'),
(72, '46.152.2.226', '2025-05-04 00:52:44'),
(73, '213.166.155.112', '2025-05-04 07:42:01'),
(74, '46.143.187.122', '2025-05-04 09:00:40'),
(75, '46.143.187.120', '2025-05-04 10:05:38'),
(76, '213.166.139.120', '2025-05-04 18:24:44'),
(77, '66.249.66.165', '2025-05-05 09:59:34'),
(78, '50.112.234.127', '2025-05-05 11:19:41'),
(79, '77.31.246.77', '2025-05-05 13:39:15'),
(80, '46.143.158.43', '2025-05-05 14:29:49'),
(81, '77.31.246.67', '2025-05-05 14:44:28'),
(82, '77.31.198.67', '2025-05-05 15:09:00'),
(83, '77.31.246.81', '2025-05-05 16:10:17'),
(84, '37.217.102.29', '2025-05-05 16:13:18'),
(85, '51.39.102.156', '2025-05-05 16:22:24'),
(86, '207.154.206.16', '2025-05-05 16:28:27'),
(87, '51.252.148.27', '2025-05-05 16:29:25'),
(88, '2.90.241.210', '2025-05-05 16:30:49'),
(89, '2.90.183.205', '2025-05-05 16:31:34'),
(90, '82.197.61.163', '2025-05-05 16:45:17'),
(91, '82.197.61.154', '2025-05-05 16:53:53'),
(92, '82.197.61.43', '2025-05-05 16:55:57'),
(93, '51.36.103.239', '2025-05-05 17:01:25'),
(94, '46.143.142.43', '2025-05-05 17:03:45'),
(95, '46.143.174.39', '2025-05-05 18:02:33'),
(96, '46.143.158.39', '2025-05-05 19:04:28'),
(97, '17.22.245.167', '2025-05-05 20:42:28'),
(98, '199.16.157.183', '2025-05-05 20:42:28'),
(99, '17.22.245.170', '2025-05-05 20:42:29'),
(100, '51.39.112.179', '2025-05-05 20:49:38'),
(101, '51.39.31.3', '2025-05-05 20:50:58'),
(102, '151.255.46.181', '2025-05-05 20:51:13'),
(103, '37.242.114.149', '2025-05-05 20:57:51'),
(104, '145.82.193.149', '2025-05-05 21:10:45'),
(105, '77.232.123.173', '2025-05-05 21:57:50'),
(106, '51.39.22.251', '2025-05-05 22:25:50'),
(107, '95.187.10.159', '2025-05-05 22:40:25'),
(108, '46.143.158.42', '2025-05-05 22:52:29'),
(109, '46.143.158.40', '2025-05-06 00:02:30'),
(110, '51.39.197.201', '2025-05-06 01:00:34'),
(111, '46.143.158.35', '2025-05-06 05:03:49'),
(112, '46.143.158.47', '2025-05-06 08:02:59'),
(113, '5.244.193.213', '2025-05-06 08:07:07'),
(114, '93.169.97.214', '2025-05-06 08:21:44'),
(115, '66.249.91.32', '2025-05-06 08:43:23'),
(116, '51.39.197.201', '2025-05-06 09:58:20'),
(117, '46.143.142.33', '2025-05-06 17:28:52'),
(118, '46.143.142.38', '2025-05-06 20:27:15'),
(119, '46.143.174.44', '2025-05-06 20:40:23'),
(120, '46.143.142.36', '2025-05-07 00:14:16'),
(121, '46.143.174.43', '2025-05-07 01:32:13'),
(122, '46.143.142.43', '2025-05-07 03:09:39'),
(123, '34.86.225.126', '2025-05-07 08:28:01'),
(124, '35.230.5.182', '2025-05-07 13:31:24'),
(125, '51.39.1.40', '2025-05-07 16:25:44'),
(126, '72.14.201.95', '2025-05-07 19:48:59'),
(127, '51.36.198.132', '2025-05-07 19:48:59'),
(128, '93.168.130.129', '2025-05-07 19:50:58'),
(129, '46.143.158.41', '2025-05-07 20:58:05'),
(130, '35.91.116.128', '2025-05-07 21:11:45');

--
-- Indexes for dumped tables
--

--
-- Indexes for table `auction`
--

--
-- Indexes for table `bid`
--


--
-- Indexes for table `password_resets`
--


--
-- Indexes for table `visits`
--

--
-- AUTO_INCREMENT for table `password_resets`
--


--
-- AUTO_INCREMENT for table `user`
--


--
-- قيود الجداول المحفوظة
--

--
-- القيود للجدول `auction`
--
